"approved_at_utc","approved_by","archived","associated_award","author","author_flair_background_color","author_flair_css_class","author_flair_richtext/0/e","author_flair_richtext/0/t","author_flair_template_id","author_flair_text","author_flair_text_color","author_flair_type","author_fullname","author_is_blocked","author_patreon_flair","author_premium","banned_at_utc","banned_by","body","body_html","can_gild","can_mod_post","collapsed","collapsed_because_crowd_control","collapsed_reason","collapsed_reason_code","comment_type","controversiality","created","created_utc","depth","distinguished","downs","edited","gilded","id","is_submitter","likes","link_id","locked","mod_note","mod_reason_by","mod_reason_title","name","no_follow","num_reports","parent_id","permalink","removal_reason","replies","replies/data/after","replies/data/before","replies/data/children/0/data/approved_at_utc","replies/data/children/0/data/approved_by","replies/data/children/0/data/archived","replies/data/children/0/data/associated_award","replies/data/children/0/data/author","replies/data/children/0/data/author_flair_background_color","replies/data/children/0/data/author_flair_css_class","replies/data/children/0/data/author_flair_template_id","replies/data/children/0/data/author_flair_text","replies/data/children/0/data/author_flair_text_color","replies/data/children/0/data/author_flair_type","replies/data/children/0/data/author_fullname","replies/data/children/0/data/author_is_blocked","replies/data/children/0/data/author_patreon_flair","replies/data/children/0/data/author_premium","replies/data/children/0/data/banned_at_utc","replies/data/children/0/data/banned_by","replies/data/children/0/data/body","replies/data/children/0/data/body_html","replies/data/children/0/data/can_gild","replies/data/children/0/data/can_mod_post","replies/data/children/0/data/collapsed","replies/data/children/0/data/collapsed_because_crowd_control","replies/data/children/0/data/collapsed_reason","replies/data/children/0/data/collapsed_reason_code","replies/data/children/0/data/comment_type","replies/data/children/0/data/controversiality","replies/data/children/0/data/created","replies/data/children/0/data/created_utc","replies/data/children/0/data/depth","replies/data/children/0/data/distinguished","replies/data/children/0/data/downs","replies/data/children/0/data/edited","replies/data/children/0/data/gilded","replies/data/children/0/data/id","replies/data/children/0/data/is_submitter","replies/data/children/0/data/likes","replies/data/children/0/data/link_id","replies/data/children/0/data/locked","replies/data/children/0/data/mod_note","replies/data/children/0/data/mod_reason_by","replies/data/children/0/data/mod_reason_title","replies/data/children/0/data/name","replies/data/children/0/data/no_follow","replies/data/children/0/data/num_reports","replies/data/children/0/data/parent_id","replies/data/children/0/data/permalink","replies/data/children/0/data/removal_reason","replies/data/children/0/data/replies","replies/data/children/0/data/report_reasons","replies/data/children/0/data/saved","replies/data/children/0/data/score","replies/data/children/0/data/score_hidden","replies/data/children/0/data/send_replies","replies/data/children/0/data/stickied","replies/data/children/0/data/subreddit","replies/data/children/0/data/subreddit_id","replies/data/children/0/data/subreddit_name_prefixed","replies/data/children/0/data/subreddit_type","replies/data/children/0/data/top_awarded_type","replies/data/children/0/data/total_awards_received","replies/data/children/0/data/unrepliable_reason","replies/data/children/0/data/ups","replies/data/children/0/kind","replies/data/dist","replies/data/geo_filter","replies/data/modhash","replies/kind","report_reasons","saved","score","score_hidden","send_replies","stickied","subreddit","subreddit_id","subreddit_name_prefixed","subreddit_type","top_awarded_type","total_awards_received","unrepliable_reason","ups","url"
,,"false",,"baldy12441","transparent",,"text","Adjunct Lecturer of Mathematics","13c640fc-f5ff-11e2-ae8e-12313b0eb082","Adjunct Lecturer of Mathematics","dark","richtext","t2_6o9z8o7y","false","false","false",,,"Here's a professor's take on it.  Grades are up but learning is down.  Not everyone, but many are just cheating their way through and sliding by.  We need to be lenient because of the extreme circumstance we are all in.  Grades have been inflated at my campus, but everyone agrees that the students actual learn and retain less material.","&lt;div class=""md""&gt;&lt;p&gt;Here&amp;#39;s a professor&amp;#39;s take on it.  Grades are up but learning is down.  Not everyone, but many are just cheating their way through and sliding by.  We need to be lenient because of the extreme circumstance we are all in.  Grades have been inflated at my campus, but everyone agrees that the students actual learn and retain less material.&lt;/p&gt;
&lt;/div&gt;","false","false","false",,,,,"0","1616283875","1616283875","0",,"0","false","0","grna887","false",,"t3_m9i4x9","false",,,,"t1_grna887","false",,"t3_m9i4x9","/r/college/comments/m9i4x9/did_your_grades_improve_or_suffer_because_of/grna887/",,,,,,,"false",,"pancake_gofer",,,,,,"text","t2_3tbrz4m3","false","false","false",,,"In my experience my grades suffered.","&lt;div class=""md""&gt;&lt;p&gt;In my experience my grades suffered.&lt;/p&gt;
&lt;/div&gt;","false","false","false",,,,,"0","1616382424","1616382424","1",,"0","false","0","grrugnu","false",,"t3_m9i4x9","false",,,,"t1_grrugnu","true",,"t1_grna887","/r/college/comments/m9i4x9/did_your_grades_improve_or_suffer_because_of/grrugnu/",,"",,"false","2","false","true","false","college","t5_2qh3z","r/college","public",,"0",,"2","t1",,"","","Listing",,"false","40","false","true","false","college","t5_2qh3z","r/college","public",,"0",,"40","https://www.reddit.com/r/college/comments/m9i4x9/did_your_grades_improve_or_suffer_because_of/grna887/"
,,"false",,"pancake_gofer",,,,,,,,"text","t2_3tbrz4m3","false","false","false",,,"In my experience my grades suffered.","&lt;div class=""md""&gt;&lt;p&gt;In my experience my grades suffered.&lt;/p&gt;
&lt;/div&gt;","false","false","false",,,,,"0","1616382424","1616382424","1",,"0","false","0","grrugnu","false",,"t3_m9i4x9","false",,,,"t1_grrugnu","true",,"t1_grna887","/r/college/comments/m9i4x9/did_your_grades_improve_or_suffer_because_of/grrugnu/",,"",,,,,,,,,,,,,,,,,,,,,,,,,,,,,,,,,,,,,,,,,,,,,,,,,,,,,,,,,,,,,,,,,,,,,,,,"false","2","false","true","false","college","t5_2qh3z","r/college","public",,"0",,"2","https://www.reddit.com/r/college/comments/m9i4x9/did_your_grades_improve_or_suffer_because_of/grrugnu/"
,,"false",,"rokyracoon",,,,,,,,"text","t2_aoa1ut27","false","false","false",,,"grades improved, education GREATLY suffered.","&lt;div class=""md""&gt;&lt;p&gt;grades improved, education GREATLY suffered.&lt;/p&gt;
&lt;/div&gt;","false","false","false",,,,,"0","1616288434","1616288434","0",,"0","false","0","grnim0v","false",,"t3_m9i4x9","false",,,,"t1_grnim0v","false",,"t3_m9i4x9","/r/college/comments/m9i4x9/did_your_grades_improve_or_suffer_because_of/grnim0v/",,"",,,,,,,,,,,,,,,,,,,,,,,,,,,,,,,,,,,,,,,,,,,,,,,,,,,,,,,,,,,,,,,,,,,,,,,,"false","28","false","true","false","college","t5_2qh3z","r/college","public",,"0",,"28","https://www.reddit.com/r/college/comments/m9i4x9/did_your_grades_improve_or_suffer_because_of/grnim0v/"
,,"false",,"[deleted]","",,,,,,"dark",,,"false",,,,,"My grades stayed the same but it took more effort to maintain them","&lt;div class=""md""&gt;&lt;p&gt;My grades stayed the same but it took more effort to maintain them&lt;/p&gt;
&lt;/div&gt;","false","false","false",,,,,"0","1616281341","1616281341","0",,"0","false","0","grn4t6k","false",,"t3_m9i4x9","false",,,,"t1_grn4t6k","false",,"t3_m9i4x9","/r/college/comments/m9i4x9/did_your_grades_improve_or_suffer_because_of/grn4t6k/",,"",,,,,,,,,,,,,,,,,,,,,,,,,,,,,,,,,,,,,,,,,,,,,,,,,,,,,,,,,,,,,,,,,,,,,,,,"false","38","false","true","false","college","t5_2qh3z","r/college","public",,"0",,"38","https://www.reddit.com/r/college/comments/m9i4x9/did_your_grades_improve_or_suffer_because_of/grn4t6k/"
,,"false",,"michaelginsberg",,,,,,,,"text","t2_56er4re6","false","false","false",,,"Grades have been better. Learning retention has plummeted.","&lt;div class=""md""&gt;&lt;p&gt;Grades have been better. Learning retention has plummeted.&lt;/p&gt;
&lt;/div&gt;","false","false","false",,,,,"0","1616289440","1616289440","0",,"0","false","0","grnkdhs","false",,"t3_m9i4x9","false",,,,"t1_grnkdhs","false",,"t3_m9i4x9","/r/college/comments/m9i4x9/did_your_grades_improve_or_suffer_because_of/grnkdhs/",,"",,,,,,,,,,,,,,,,,,,,,,,,,,,,,,,,,,,,,,,,,,,,,,,,,,,,,,,,,,,,,,,,,,,,,,,,"false","14","false","true","false","college","t5_2qh3z","r/college","public",,"0",,"14","https://www.reddit.com/r/college/comments/m9i4x9/did_your_grades_improve_or_suffer_because_of/grnkdhs/"
,,"false",,"JupiterRocket",,,,,,,,"text","t2_6hs0h52b","false","false","false",,,"Grades stayed the same. Stress increased because I realized that I’m not learning and retaining as much of the material as I used to, so I’m worried about next year.","&lt;div class=""md""&gt;&lt;p&gt;Grades stayed the same. Stress increased because I realized that I’m not learning and retaining as much of the material as I used to, so I’m worried about next year.&lt;/p&gt;
&lt;/div&gt;","false","false","false",,,,,"0","1616292027","1616292027","0",,"0","false","0","grnov63","false",,"t3_m9i4x9","false",,,,"t1_grnov63","false",,"t3_m9i4x9","/r/college/comments/m9i4x9/did_your_grades_improve_or_suffer_because_of/grnov63/",,"",,,,,,,,,,,,,,,,,,,,,,,,,,,,,,,,,,,,,,,,,,,,,,,,,,,,,,,,,,,,,,,,,,,,,,,,"false","11","false","true","false","college","t5_2qh3z","r/college","public",,"0",,"11","https://www.reddit.com/r/college/comments/m9i4x9/did_your_grades_improve_or_suffer_because_of/grnov63/"
,,"false",,"Clarinetist123","transparent",,"text","Junior","13c640fc-f5ff-11e2-ae8e-12313b0eb082","Junior","dark","richtext","t2_49ufcldg","false","false","false",,,"I think mine are better than they would be in person, just because I feel less social anxiety and pressure online","&lt;div class=""md""&gt;&lt;p&gt;I think mine are better than they would be in person, just because I feel less social anxiety and pressure online&lt;/p&gt;
&lt;/div&gt;","false","false","false",,,,,"0","1616281856","1616281856","0",,"0","false","0","grn5z17","false",,"t3_m9i4x9","false",,,,"t1_grn5z17","false",,"t3_m9i4x9","/r/college/comments/m9i4x9/did_your_grades_improve_or_suffer_because_of/grn5z17/",,"",,,,,,,,,,,,,,,,,,,,,,,,,,,,,,,,,,,,,,,,,,,,,,,,,,,,,,,,,,,,,,,,,,,,,,,,"false","19","false","true","false","college","t5_2qh3z","r/college","public",,"0",,"19","https://www.reddit.com/r/college/comments/m9i4x9/did_your_grades_improve_or_suffer_because_of/grn5z17/"
,,"false",,"[deleted]","",,,,,,"dark",,,"false",,,,,"Better, but could also be due to the fact that I switched from a university to a community college","&lt;div class=""md""&gt;&lt;p&gt;Better, but could also be due to the fact that I switched from a university to a community college&lt;/p&gt;
&lt;/div&gt;","false","false","false",,,,,"0","1616283767","1616283767","0",,"0","false","0","grna0wx","false",,"t3_m9i4x9","false",,,,"t1_grna0wx","false",,"t3_m9i4x9","/r/college/comments/m9i4x9/did_your_grades_improve_or_suffer_because_of/grna0wx/",,"",,,,,,,,,,,,,,,,,,,,,,,,,,,,,,,,,,,,,,,,,,,,,,,,,,,,,,,,,,,,,,,,,,,,,,,,"false","8","false","true","false","college","t5_2qh3z","r/college","public",,"0",,"8","https://www.reddit.com/r/college/comments/m9i4x9/did_your_grades_improve_or_suffer_because_of/grna0wx/"
,,"false",,"[deleted]","",,,,,,"dark",,,"false",,,,,"Grades are better, but probably only because my teachers seem very lenient and because the 1st half of the semester is usually when the best stuff happens. Then my motivation just dies down in the 2nd half and I have to push myself so much to keep on going.","&lt;div class=""md""&gt;&lt;p&gt;Grades are better, but probably only because my teachers seem very lenient and because the 1st half of the semester is usually when the best stuff happens. Then my motivation just dies down in the 2nd half and I have to push myself so much to keep on going.&lt;/p&gt;
&lt;/div&gt;","false","false","false",,,,,"0","1616288839","1616288839","0",,"0","false","0","grnjbmb","false",,"t3_m9i4x9","false",,,,"t1_grnjbmb","false",,"t3_m9i4x9","/r/college/comments/m9i4x9/did_your_grades_improve_or_suffer_because_of/grnjbmb/",,"",,,,,,,,,,,,,,,,,,,,,,,,,,,,,,,,,,,,,,,,,,,,,,,,,,,,,,,,,,,,,,,,,,,,,,,,"false","6","false","true","false","college","t5_2qh3z","r/college","public",,"0",,"6","https://www.reddit.com/r/college/comments/m9i4x9/did_your_grades_improve_or_suffer_because_of/grnjbmb/"
,,"false",,"[deleted]","",,,,,,"dark",,,"false",,,,,"I cheat online. Grades are the same but it's a bit easier.","&lt;div class=""md""&gt;&lt;p&gt;I cheat online. Grades are the same but it&amp;#39;s a bit easier.&lt;/p&gt;
&lt;/div&gt;","false","false","false",,,,,"0","1616289163","1616289163","0",,"0","false","0","grnjw9q","false",,"t3_m9i4x9","false",,,,"t1_grnjw9q","false",,"t3_m9i4x9","/r/college/comments/m9i4x9/did_your_grades_improve_or_suffer_because_of/grnjw9q/",,"",,,,,,,,,,,,,,,,,,,,,,,,,,,,,,,,,,,,,,,,,,,,,,,,,,,,,,,,,,,,,,,,,,,,,,,,"false","13","false","true","false","college","t5_2qh3z","r/college","public",,"0",,"13","https://www.reddit.com/r/college/comments/m9i4x9/did_your_grades_improve_or_suffer_because_of/grnjw9q/"
,,"false",,"SillyBanana123",,,,,,,,"text","t2_16i1sn","false","false","false",,,"About the same grade wise. However, I have hardly learned a thing since online school started. I went to school for an education not a degree. Online school is soooo stupid","&lt;div class=""md""&gt;&lt;p&gt;About the same grade wise. However, I have hardly learned a thing since online school started. I went to school for an education not a degree. Online school is soooo stupid&lt;/p&gt;
&lt;/div&gt;","false","false","false",,,,,"0","1616294084","1616294084","0",,"0","false","0","grnsg5t","false",,"t3_m9i4x9","false",,,,"t1_grnsg5t","false",,"t3_m9i4x9","/r/college/comments/m9i4x9/did_your_grades_improve_or_suffer_because_of/grnsg5t/",,"",,,,,,,,,,,,,,,,,,,,,,,,,,,,,,,,,,,,,,,,,,,,,,,,,,,,,,,,,,,,,,,,,,,,,,,,"false","5","false","true","false","college","t5_2qh3z","r/college","public",,"0",,"5","https://www.reddit.com/r/college/comments/m9i4x9/did_your_grades_improve_or_suffer_because_of/grnsg5t/"
,,"false",,"[deleted]","",,,,,,"dark",,,"false",,,,,"Straight As. I’m doing better this masters than my last one. Both were online.","&lt;div class=""md""&gt;&lt;p&gt;Straight As. I’m doing better this masters than my last one. Both were online.&lt;/p&gt;
&lt;/div&gt;","false","false","false",,,,,"0","1616302152","1616302152","0",,"0","false","0","gro5oc2","false",,"t3_m9i4x9","false",,,,"t1_gro5oc2","false",,"t3_m9i4x9","/r/college/comments/m9i4x9/did_your_grades_improve_or_suffer_because_of/gro5oc2/",,"",,,,,,,,,,,,,,,,,,,,,,,,,,,,,,,,,,,,,,,,,,,,,,,,,,,,,,,,,,,,,,,,,,,,,,,,"false","4","false","true","false","college","t5_2qh3z","r/college","public",,"0",,"4","https://www.reddit.com/r/college/comments/m9i4x9/did_your_grades_improve_or_suffer_because_of/gro5oc2/"
,,"false",,"[deleted]","",,,,,,"dark",,,"false",,,,,"Suffered. All of my classes have been completely online. The only semester I did well in was also the only semester where I had to attend zoom meetings.","&lt;div class=""md""&gt;&lt;p&gt;Suffered. All of my classes have been completely online. The only semester I did well in was also the only semester where I had to attend zoom meetings.&lt;/p&gt;
&lt;/div&gt;","false","false","false",,,,,"0","1616306833","1616306833","0",,"0","false","0","grobxqz","false",,"t3_m9i4x9","false",,,,"t1_grobxqz","false",,"t3_m9i4x9","/r/college/comments/m9i4x9/did_your_grades_improve_or_suffer_because_of/grobxqz/",,"",,,,,,,,,,,,,,,,,,,,,,,,,,,,,,,,,,,,,,,,,,,,,,,,,,,,,,,,,,,,,,,,,,,,,,,,"false","4","false","true","false","college","t5_2qh3z","r/college","public",,"0",,"4","https://www.reddit.com/r/college/comments/m9i4x9/did_your_grades_improve_or_suffer_because_of/grobxqz/"
,,"false",,"Hang_onSloopy",,,,,,,,"text","t2_6cyel9la","false","false","false",,,"Probably better. Having said that, I have improved over the year. Having access to less resources has actually made me more critical which is one thing to suggest I have benefitted from. 

Pros:

1, Less social stress
2, Lower travel time (less time wasted)
3, Improvement to critical thinking 

Cons:

1, Essentially no resources 
2, Online format makes a 5 hour work day seem like a 12 hour one (general fatigue)
3, Procrastination is much more of a threat","&lt;div class=""md""&gt;&lt;p&gt;Probably better. Having said that, I have improved over the year. Having access to less resources has actually made me more critical which is one thing to suggest I have benefitted from. &lt;/p&gt;

&lt;p&gt;Pros:&lt;/p&gt;

&lt;p&gt;1, Less social stress
2, Lower travel time (less time wasted)
3, Improvement to critical thinking &lt;/p&gt;

&lt;p&gt;Cons:&lt;/p&gt;

&lt;p&gt;1, Essentially no resources 
2, Online format makes a 5 hour work day seem like a 12 hour one (general fatigue)
3, Procrastination is much more of a threat&lt;/p&gt;
&lt;/div&gt;","false","false","false",,,,,"0","1616286268","1616286268","0",,"0","false","0","grnep49","false",,"t3_m9i4x9","false",,,,"t1_grnep49","false",,"t3_m9i4x9","/r/college/comments/m9i4x9/did_your_grades_improve_or_suffer_because_of/grnep49/",,"",,,,,,,,,,,,,,,,,,,,,,,,,,,,,,,,,,,,,,,,,,,,,,,,,,,,,,,,,,,,,,,,,,,,,,,,"false","7","false","true","false","college","t5_2qh3z","r/college","public",,"0",,"7","https://www.reddit.com/r/college/comments/m9i4x9/did_your_grades_improve_or_suffer_because_of/grnep49/"
,,"false",,"creaaamyspinachdip",,,,,,,,"text","t2_aw59jnym","false","false","false",,,"my grades improved because of online classes due to the fact that we rarely have quizzes, instead, we get credit for our outputs in form of essays, digital art, videos. irl tho, as a nursing student, we’re bombarded with quizzes hard as hell every other day. dk if i should be happy or worried when physical classes start","&lt;div class=""md""&gt;&lt;p&gt;my grades improved because of online classes due to the fact that we rarely have quizzes, instead, we get credit for our outputs in form of essays, digital art, videos. irl tho, as a nursing student, we’re bombarded with quizzes hard as hell every other day. dk if i should be happy or worried when physical classes start&lt;/p&gt;
&lt;/div&gt;","false","false","false",,,,,"0","1616300735","1616300735","0",,"0","false","0","gro3ghk","false",,"t3_m9i4x9","false",,,,"t1_gro3ghk","true",,"t3_m9i4x9","/r/college/comments/m9i4x9/did_your_grades_improve_or_suffer_because_of/gro3ghk/",,"",,,,,,,,,,,,,,,,,,,,,,,,,,,,,,,,,,,,,,,,,,,,,,,,,,,,,,,,,,,,,,,,,,,,,,,,"false","3","false","true","false","college","t5_2qh3z","r/college","public",,"0",,"3","https://www.reddit.com/r/college/comments/m9i4x9/did_your_grades_improve_or_suffer_because_of/gro3ghk/"
,,"false",,"coraline_button_","",,,,,"","dark","text","t2_8jkdstcm","false","false","false",,,"worse","&lt;div class=""md""&gt;&lt;p&gt;worse&lt;/p&gt;
&lt;/div&gt;","false","false","false",,,,,"0","1616283641","1616283641","0",,"0","false","0","grn9saj","false",,"t3_m9i4x9","false",,,,"t1_grn9saj","true",,"t3_m9i4x9","/r/college/comments/m9i4x9/did_your_grades_improve_or_suffer_because_of/grn9saj/",,"",,,,,,,,,,,,,,,,,,,,,,,,,,,,,,,,,,,,,,,,,,,,,,,,,,,,,,,,,,,,,,,,,,,,,,,,"false","4","false","true","false","college","t5_2qh3z","r/college","public",,"0",,"4","https://www.reddit.com/r/college/comments/m9i4x9/did_your_grades_improve_or_suffer_because_of/grn9saj/"
,,"false",,"[deleted]","",,,,,,"dark",,,"false",,,,,"Suffer. So much suffering. I suck now.","&lt;div class=""md""&gt;&lt;p&gt;Suffer. So much suffering. I suck now.&lt;/p&gt;
&lt;/div&gt;","false","false","false",,,,,"0","1616306686","1616306686","0",,"0","false","0","grobrdv","false",,"t3_m9i4x9","false",,,,"t1_grobrdv","true",,"t3_m9i4x9","/r/college/comments/m9i4x9/did_your_grades_improve_or_suffer_because_of/grobrdv/",,"",,,,,,,,,,,,,,,,,,,,,,,,,,,,,,,,,,,,,,,,,,,,,,,,,,,,,,,,,,,,,,,,,,,,,,,,"false","1","false","true","false","college","t5_2qh3z","r/college","public",,"0",,"1","https://www.reddit.com/r/college/comments/m9i4x9/did_your_grades_improve_or_suffer_because_of/grobrdv/"
,,"false",,"FCKEREBUS",,,,,,,,"text","t2_aol78nib","false","false","false",,,"Improved 100 percent.","&lt;div class=""md""&gt;&lt;p&gt;Improved 100 percent.&lt;/p&gt;
&lt;/div&gt;","false","false","false",,,,,"0","1616326292","1616326292","0",,"0","false","0","growerd","false",,"t3_m9i4x9","false",,,,"t1_growerd","true",,"t3_m9i4x9","/r/college/comments/m9i4x9/did_your_grades_improve_or_suffer_because_of/growerd/",,"",,,,,,,,,,,,,,,,,,,,,,,,,,,,,,,,,,,,,,,,,,,,,,,,,,,,,,,,,,,,,,,,,,,,,,,,"false","1","false","true","false","college","t5_2qh3z","r/college","public",,"0",,"1","https://www.reddit.com/r/college/comments/m9i4x9/did_your_grades_improve_or_suffer_because_of/growerd/"
,,"false",,"Kamaque",,,,,,,,"text","t2_7vvmlvzo","false","false","false",,,"It depends on the class. Some of my classes take absolutely no effort, while others take up well over ten hours of my week. My grades are the same but they have been incredibly difficult to maintain.","&lt;div class=""md""&gt;&lt;p&gt;It depends on the class. Some of my classes take absolutely no effort, while others take up well over ten hours of my week. My grades are the same but they have been incredibly difficult to maintain.&lt;/p&gt;
&lt;/div&gt;","false","false","false",,,,,"0","1616330997","1616330997","0",,"0","false","0","grp2lhf","false",,"t3_m9i4x9","false",,,,"t1_grp2lhf","true",,"t3_m9i4x9","/r/college/comments/m9i4x9/did_your_grades_improve_or_suffer_because_of/grp2lhf/",,"",,,,,,,,,,,,,,,,,,,,,,,,,,,,,,,,,,,,,,,,,,,,,,,,,,,,,,,,,,,,,,,,,,,,,,,,"false","1","false","true","false","college","t5_2qh3z","r/college","public",,"0",,"1","https://www.reddit.com/r/college/comments/m9i4x9/did_your_grades_improve_or_suffer_because_of/grp2lhf/"
,,"false",,"savagedoughnut","",,,,,"","dark","text","t2_39gltsn","false","false","false",,,"Suffered","&lt;div class=""md""&gt;&lt;p&gt;Suffered&lt;/p&gt;
&lt;/div&gt;","false","false","false",,,,,"0","1616332417","1616332417","0",,"0","false","0","grp4pcw","false",,"t3_m9i4x9","false",,,,"t1_grp4pcw","true",,"t3_m9i4x9","/r/college/comments/m9i4x9/did_your_grades_improve_or_suffer_because_of/grp4pcw/",,"",,,,,,,,,,,,,,,,,,,,,,,,,,,,,,,,,,,,,,,,,,,,,,,,,,,,,,,,,,,,,,,,,,,,,,,,"false","1","false","true","false","college","t5_2qh3z","r/college","public",,"0",,"1","https://www.reddit.com/r/college/comments/m9i4x9/did_your_grades_improve_or_suffer_because_of/grp4pcw/"
,,"false",,"lovingtolive",,,,,,,,"text","t2_4v9npx0g","false","false","false",,,"I’ve made straight As ever since covid hit but spring 2020 was also my first semester at a new school so I can’t say if they are only high because of covid. I definitely put in a lot of work for school though. Some of my classes require a webcam for exams, some do not. For the classes that don’t monitor it I still study like it’s closed book test so I feel my learning has been the same. However, I do check my answers on these kind of exams because if I don’t I’m at a disadvantage since everyone else will. So my exam grades in certain classes are probably slightly improved. For the most part though I feel like they are not that different than if the test was monitored because like I said I still study like it’s closed book. If I just look up every answer on a test I get no personal satisfaction from that.","&lt;div class=""md""&gt;&lt;p&gt;I’ve made straight As ever since covid hit but spring 2020 was also my first semester at a new school so I can’t say if they are only high because of covid. I definitely put in a lot of work for school though. Some of my classes require a webcam for exams, some do not. For the classes that don’t monitor it I still study like it’s closed book test so I feel my learning has been the same. However, I do check my answers on these kind of exams because if I don’t I’m at a disadvantage since everyone else will. So my exam grades in certain classes are probably slightly improved. For the most part though I feel like they are not that different than if the test was monitored because like I said I still study like it’s closed book. If I just look up every answer on a test I get no personal satisfaction from that.&lt;/p&gt;
&lt;/div&gt;","false","false","false",,,,,"0","1616338773","1616338773","0",,"0","false","0","grpffcq","false",,"t3_m9i4x9","false",,,,"t1_grpffcq","true",,"t3_m9i4x9","/r/college/comments/m9i4x9/did_your_grades_improve_or_suffer_because_of/grpffcq/",,"",,,,,,,,,,,,,,,,,,,,,,,,,,,,,,,,,,,,,,,,,,,,,,,,,,,,,,,,,,,,,,,,,,,,,,,,"false","1","false","true","false","college","t5_2qh3z","r/college","public",,"0",,"1","https://www.reddit.com/r/college/comments/m9i4x9/did_your_grades_improve_or_suffer_because_of/grpffcq/"
,,"false",,"Romano16",,,,,,,,"text","t2_11ctdi","false","false","false",,,"I always found online classes easier in terms of non math or science classes. But when it comes to STEM it can still be very hard.

I mean, my idea of learning is really focused on retention. It’s clear due to COVID that is not the goal here.","&lt;div class=""md""&gt;&lt;p&gt;I always found online classes easier in terms of non math or science classes. But when it comes to STEM it can still be very hard.&lt;/p&gt;

&lt;p&gt;I mean, my idea of learning is really focused on retention. It’s clear due to COVID that is not the goal here.&lt;/p&gt;
&lt;/div&gt;","false","false","false",,,,,"0","1616346002","1616346002","0",,"0","false","0","grpuctc","false",,"t3_m9i4x9","false",,,,"t1_grpuctc","true",,"t3_m9i4x9","/r/college/comments/m9i4x9/did_your_grades_improve_or_suffer_because_of/grpuctc/",,"",,,,,,,,,,,,,,,,,,,,,,,,,,,,,,,,,,,,,,,,,,,,,,,,,,,,,,,,,,,,,,,,,,,,,,,,"false","1","false","true","false","college","t5_2qh3z","r/college","public",,"0",,"1","https://www.reddit.com/r/college/comments/m9i4x9/did_your_grades_improve_or_suffer_because_of/grpuctc/"
,,"false",,"torrentialflood",,,,,,,,"text","t2_7xnch6gp","false","false","false",,,"Haven't done college physically yet, but I think first semester was marginally easier than high school when it comes to getting a 3.7+ GPA. Finals are considerably easier which surprised me, but it's no easier than it had been for the past decade or so. Although the open book nature has reduced rote-learning which is great, the exams have often been tailored to accommodate for that. Plus, I honestly don't think open note has made much if a difference and I barely needed to source my notes for the exams. Assignment/homework-wise however, it is considerably harder. Online learning has exacerbated the difficulty of them too due to the lack of support, communication for group projects (which are an absolute nightmare online) and it's much much easier to procrastinate. In fact, procrastination alone meant that the difficulty may have practically increased.","&lt;div class=""md""&gt;&lt;p&gt;Haven&amp;#39;t done college physically yet, but I think first semester was marginally easier than high school when it comes to getting a 3.7+ GPA. Finals are considerably easier which surprised me, but it&amp;#39;s no easier than it had been for the past decade or so. Although the open book nature has reduced rote-learning which is great, the exams have often been tailored to accommodate for that. Plus, I honestly don&amp;#39;t think open note has made much if a difference and I barely needed to source my notes for the exams. Assignment/homework-wise however, it is considerably harder. Online learning has exacerbated the difficulty of them too due to the lack of support, communication for group projects (which are an absolute nightmare online) and it&amp;#39;s much much easier to procrastinate. In fact, procrastination alone meant that the difficulty may have practically increased.&lt;/p&gt;
&lt;/div&gt;","false","false","false",,,,,"0","1616346829","1616346829","0",,"0","false","0","grpw3ga","false",,"t3_m9i4x9","false",,,,"t1_grpw3ga","true",,"t3_m9i4x9","/r/college/comments/m9i4x9/did_your_grades_improve_or_suffer_because_of/grpw3ga/",,"",,,,,,,,,,,,,,,,,,,,,,,,,,,,,,,,,,,,,,,,,,,,,,,,,,,,,,,,,,,,,,,,,,,,,,,,"false","1","false","true","false","college","t5_2qh3z","r/college","public",,"0",,"1","https://www.reddit.com/r/college/comments/m9i4x9/did_your_grades_improve_or_suffer_because_of/grpw3ga/"
,,"false",,"[deleted]","",,,,,,"dark",,,"false",,,,,"Some are better and some are worse","&lt;div class=""md""&gt;&lt;p&gt;Some are better and some are worse&lt;/p&gt;
&lt;/div&gt;","false","false","false",,,,,"0","1616376674","1616376674","0",,"0","false","0","grrjui2","false",,"t3_m9i4x9","false",,,,"t1_grrjui2","true",,"t3_m9i4x9","/r/college/comments/m9i4x9/did_your_grades_improve_or_suffer_because_of/grrjui2/",,"",,,,,,,,,,,,,,,,,,,,,,,,,,,,,,,,,,,,,,,,,,,,,,,,,,,,,,,,,,,,,,,,,,,,,,,,"false","1","false","true","false","college","t5_2qh3z","r/college","public",,"0",,"1","https://www.reddit.com/r/college/comments/m9i4x9/did_your_grades_improve_or_suffer_because_of/grrjui2/"
,,"false",,"[deleted]","",,,,,,"dark",,,"false",,,,,"I was passionate about every second of any class during presential classes. Now that everything is online I can't stay focused, feel interested and I don't feel confident on asking for feedback since that means showing everyone that now I went from a model student to someone that is struggling.
So yeah, I went from being one of the best students on my classes to being one of the worst ones","&lt;div class=""md""&gt;&lt;p&gt;I was passionate about every second of any class during presential classes. Now that everything is online I can&amp;#39;t stay focused, feel interested and I don&amp;#39;t feel confident on asking for feedback since that means showing everyone that now I went from a model student to someone that is struggling.
So yeah, I went from being one of the best students on my classes to being one of the worst ones&lt;/p&gt;
&lt;/div&gt;","false","false","false",,,,,"0","1617042431","1617042431","0",,"0","false","0","gspqkvn","false",,"t3_m9i4x9","false",,,,"t1_gspqkvn","true",,"t3_m9i4x9","/r/college/comments/m9i4x9/did_your_grades_improve_or_suffer_because_of/gspqkvn/",,"",,,,,,,,,,,,,,,,,,,,,,,,,,,,,,,,,,,,,,,,,,,,,,,,,,,,,,,,,,,,,,,,,,,,,,,,"false","1","false","true","false","college","t5_2qh3z","r/college","public",,"0",,"1","https://www.reddit.com/r/college/comments/m9i4x9/did_your_grades_improve_or_suffer_because_of/gspqkvn/"
