"approved_at_utc","approved_by","archived","associated_award","author","author_flair_background_color","author_flair_css_class","author_flair_richtext/0/e","author_flair_richtext/0/t","author_flair_template_id","author_flair_text","author_flair_text_color","author_flair_type","author_fullname","author_is_blocked","author_patreon_flair","author_premium","banned_at_utc","banned_by","body","body_html","can_gild","can_mod_post","collapsed","collapsed_because_crowd_control","collapsed_reason","collapsed_reason_code","comment_type","controversiality","count","created","created_utc","depth","distinguished","downs","edited","gilded","id","is_submitter","likes","link_id","locked","mod_note","mod_reason_by","mod_reason_title","name","no_follow","num_reports","parent_id","permalink","removal_reason","replies","replies/data/after","replies/data/before","replies/data/children/0/data/approved_at_utc","replies/data/children/0/data/approved_by","replies/data/children/0/data/archived","replies/data/children/0/data/associated_award","replies/data/children/0/data/author","replies/data/children/0/data/author_flair_background_color","replies/data/children/0/data/author_flair_css_class","replies/data/children/0/data/author_flair_template_id","replies/data/children/0/data/author_flair_text","replies/data/children/0/data/author_flair_text_color","replies/data/children/0/data/author_flair_type","replies/data/children/0/data/author_fullname","replies/data/children/0/data/author_is_blocked","replies/data/children/0/data/author_patreon_flair","replies/data/children/0/data/author_premium","replies/data/children/0/data/banned_at_utc","replies/data/children/0/data/banned_by","replies/data/children/0/data/body","replies/data/children/0/data/body_html","replies/data/children/0/data/can_gild","replies/data/children/0/data/can_mod_post","replies/data/children/0/data/collapsed","replies/data/children/0/data/collapsed_because_crowd_control","replies/data/children/0/data/collapsed_reason","replies/data/children/0/data/collapsed_reason_code","replies/data/children/0/data/comment_type","replies/data/children/0/data/controversiality","replies/data/children/0/data/count","replies/data/children/0/data/created","replies/data/children/0/data/created_utc","replies/data/children/0/data/depth","replies/data/children/0/data/distinguished","replies/data/children/0/data/downs","replies/data/children/0/data/edited","replies/data/children/0/data/gilded","replies/data/children/0/data/id","replies/data/children/0/data/is_submitter","replies/data/children/0/data/likes","replies/data/children/0/data/link_id","replies/data/children/0/data/locked","replies/data/children/0/data/mod_note","replies/data/children/0/data/mod_reason_by","replies/data/children/0/data/mod_reason_title","replies/data/children/0/data/name","replies/data/children/0/data/no_follow","replies/data/children/0/data/num_reports","replies/data/children/0/data/parent_id","replies/data/children/0/data/permalink","replies/data/children/0/data/removal_reason","replies/data/children/0/data/replies","replies/data/children/0/data/replies/data/after","replies/data/children/0/data/replies/data/before","replies/data/children/0/data/replies/data/children/0/data/approved_at_utc","replies/data/children/0/data/replies/data/children/0/data/approved_by","replies/data/children/0/data/replies/data/children/0/data/archived","replies/data/children/0/data/replies/data/children/0/data/associated_award","replies/data/children/0/data/replies/data/children/0/data/author","replies/data/children/0/data/replies/data/children/0/data/author_flair_background_color","replies/data/children/0/data/replies/data/children/0/data/author_flair_css_class","replies/data/children/0/data/replies/data/children/0/data/author_flair_template_id","replies/data/children/0/data/replies/data/children/0/data/author_flair_text","replies/data/children/0/data/replies/data/children/0/data/author_flair_text_color","replies/data/children/0/data/replies/data/children/0/data/author_flair_type","replies/data/children/0/data/replies/data/children/0/data/author_fullname","replies/data/children/0/data/replies/data/children/0/data/author_is_blocked","replies/data/children/0/data/replies/data/children/0/data/author_patreon_flair","replies/data/children/0/data/replies/data/children/0/data/author_premium","replies/data/children/0/data/replies/data/children/0/data/banned_at_utc","replies/data/children/0/data/replies/data/children/0/data/banned_by","replies/data/children/0/data/replies/data/children/0/data/body","replies/data/children/0/data/replies/data/children/0/data/body_html","replies/data/children/0/data/replies/data/children/0/data/can_gild","replies/data/children/0/data/replies/data/children/0/data/can_mod_post","replies/data/children/0/data/replies/data/children/0/data/collapsed","replies/data/children/0/data/replies/data/children/0/data/collapsed_because_crowd_control","replies/data/children/0/data/replies/data/children/0/data/collapsed_reason","replies/data/children/0/data/replies/data/children/0/data/collapsed_reason_code","replies/data/children/0/data/replies/data/children/0/data/comment_type","replies/data/children/0/data/replies/data/children/0/data/controversiality","replies/data/children/0/data/replies/data/children/0/data/count","replies/data/children/0/data/replies/data/children/0/data/created","replies/data/children/0/data/replies/data/children/0/data/created_utc","replies/data/children/0/data/replies/data/children/0/data/depth","replies/data/children/0/data/replies/data/children/0/data/distinguished","replies/data/children/0/data/replies/data/children/0/data/downs","replies/data/children/0/data/replies/data/children/0/data/edited","replies/data/children/0/data/replies/data/children/0/data/gilded","replies/data/children/0/data/replies/data/children/0/data/id","replies/data/children/0/data/replies/data/children/0/data/is_submitter","replies/data/children/0/data/replies/data/children/0/data/likes","replies/data/children/0/data/replies/data/children/0/data/link_id","replies/data/children/0/data/replies/data/children/0/data/locked","replies/data/children/0/data/replies/data/children/0/data/mod_note","replies/data/children/0/data/replies/data/children/0/data/mod_reason_by","replies/data/children/0/data/replies/data/children/0/data/mod_reason_title","replies/data/children/0/data/replies/data/children/0/data/name","replies/data/children/0/data/replies/data/children/0/data/no_follow","replies/data/children/0/data/replies/data/children/0/data/num_reports","replies/data/children/0/data/replies/data/children/0/data/parent_id","replies/data/children/0/data/replies/data/children/0/data/permalink","replies/data/children/0/data/replies/data/children/0/data/removal_reason","replies/data/children/0/data/replies/data/children/0/data/replies","replies/data/children/0/data/replies/data/children/0/data/replies/data/after","replies/data/children/0/data/replies/data/children/0/data/replies/data/before","replies/data/children/0/data/replies/data/children/0/data/replies/data/children/0/data/count","replies/data/children/0/data/replies/data/children/0/data/replies/data/children/0/data/depth","replies/data/children/0/data/replies/data/children/0/data/replies/data/children/0/data/id","replies/data/children/0/data/replies/data/children/0/data/replies/data/children/0/data/name","replies/data/children/0/data/replies/data/children/0/data/replies/data/children/0/data/parent_id","replies/data/children/0/data/replies/data/children/0/data/replies/data/children/0/kind","replies/data/children/0/data/replies/data/children/0/data/replies/data/dist","replies/data/children/0/data/replies/data/children/0/data/replies/data/geo_filter","replies/data/children/0/data/replies/data/children/0/data/replies/data/modhash","replies/data/children/0/data/replies/data/children/0/data/replies/kind","replies/data/children/0/data/replies/data/children/0/data/report_reasons","replies/data/children/0/data/replies/data/children/0/data/saved","replies/data/children/0/data/replies/data/children/0/data/score","replies/data/children/0/data/replies/data/children/0/data/score_hidden","replies/data/children/0/data/replies/data/children/0/data/send_replies","replies/data/children/0/data/replies/data/children/0/data/stickied","replies/data/children/0/data/replies/data/children/0/data/subreddit","replies/data/children/0/data/replies/data/children/0/data/subreddit_id","replies/data/children/0/data/replies/data/children/0/data/subreddit_name_prefixed","replies/data/children/0/data/replies/data/children/0/data/subreddit_type","replies/data/children/0/data/replies/data/children/0/data/top_awarded_type","replies/data/children/0/data/replies/data/children/0/data/total_awards_received","replies/data/children/0/data/replies/data/children/0/data/unrepliable_reason","replies/data/children/0/data/replies/data/children/0/data/ups","replies/data/children/0/data/replies/data/children/0/kind","replies/data/children/0/data/replies/data/dist","replies/data/children/0/data/replies/data/geo_filter","replies/data/children/0/data/replies/data/modhash","replies/data/children/0/data/replies/kind","replies/data/children/0/data/report_reasons","replies/data/children/0/data/saved","replies/data/children/0/data/score","replies/data/children/0/data/score_hidden","replies/data/children/0/data/send_replies","replies/data/children/0/data/stickied","replies/data/children/0/data/subreddit","replies/data/children/0/data/subreddit_id","replies/data/children/0/data/subreddit_name_prefixed","replies/data/children/0/data/subreddit_type","replies/data/children/0/data/top_awarded_type","replies/data/children/0/data/total_awards_received","replies/data/children/0/data/unrepliable_reason","replies/data/children/0/data/ups","replies/data/children/0/kind","replies/data/dist","replies/data/geo_filter","replies/data/modhash","replies/kind","report_reasons","saved","score","score_hidden","send_replies","stickied","subreddit","subreddit_id","subreddit_name_prefixed","subreddit_type","top_awarded_type","total_awards_received","unrepliable_reason","ups","url"
,,"false",,"SeanM48",,,,,,,,"text","t2_5tl8wtpg","false","false","false",,,"Personally I prefer In person, I like the connivence of online classes but my active participation takes a hit when online","&lt;div class=""md""&gt;&lt;p&gt;Personally I prefer In person, I like the connivence of online classes but my active participation takes a hit when online&lt;/p&gt;
&lt;/div&gt;","false","false","false",,,,,"0",,"1658109953","1658109953","0",,"0","false","0","iglchv2","false",,"t3_w1nerh","false",,,,"t1_iglchv2","false",,"t3_w1nerh","/r/college/comments/w1nerh/online_vs_on_campus_classes/iglchv2/",,"",,,,,,,,,,,,,,,,,,,,,,,,,,,,,,,,,,,,,,,,,,,,,,,,,,,,,,,,,,,,,,,,,,,,,,,,,,,,,,,,,,,,,,,,,,,,,,,,,,,,,,,,,,,,,,,,,,,,,,,,,,,,,,,,,,,,,,,,,,,,,,,,,,,,,,,,,,,,"false","28","false","true","false","college","t5_2qh3z","r/college","public",,"0",,"28","https://www.reddit.com/r/college/comments/w1nerh/online_vs_on_campus_classes/iglchv2/"
,,"false",,"Crazy-Personality-84",,,,,,,,"text","t2_93lg2bk6","false","false","false",,,"I prefer in lesson classes because I learn better inside the classroom, and it makes me more disciplined in my studies to go to class. Online I would be o distracted, and it would be harder for me to learn than inside the classroom.","&lt;div class=""md""&gt;&lt;p&gt;I prefer in lesson classes because I learn better inside the classroom, and it makes me more disciplined in my studies to go to class. Online I would be o distracted, and it would be harder for me to learn than inside the classroom.&lt;/p&gt;
&lt;/div&gt;","false","false","false",,,,,"0",,"1658110482","1658110482","0",,"0","false","0","igldk2c","false",,"t3_w1nerh","false",,,,"t1_igldk2c","false",,"t3_w1nerh","/r/college/comments/w1nerh/online_vs_on_campus_classes/igldk2c/",,"",,,,,,,,,,,,,,,,,,,,,,,,,,,,,,,,,,,,,,,,,,,,,,,,,,,,,,,,,,,,,,,,,,,,,,,,,,,,,,,,,,,,,,,,,,,,,,,,,,,,,,,,,,,,,,,,,,,,,,,,,,,,,,,,,,,,,,,,,,,,,,,,,,,,,,,,,,,,"false","12","false","true","false","college","t5_2qh3z","r/college","public",,"0",,"12","https://www.reddit.com/r/college/comments/w1nerh/online_vs_on_campus_classes/igldk2c/"
,,"false",,"tungsten775",,,,,,,,"text","t2_7z3xudoz","false","false","false",,,"I prefer classes in person. I find it a drag and a half to force myself to watch the - in one case - 3 hour long crappy recording of the lecture. In a  person class, I could interact with fellow students and directly ask the professor questions instead of having to wait for them to respond to an email or try to hunt them down during their office hours.  If it is a difficult class or a class where there is a lot of problem solving, I find a lot more straight forward and the professors to be more accessible when I take the class in person.","&lt;div class=""md""&gt;&lt;p&gt;I prefer classes in person. I find it a drag and a half to force myself to watch the - in one case - 3 hour long crappy recording of the lecture. In a  person class, I could interact with fellow students and directly ask the professor questions instead of having to wait for them to respond to an email or try to hunt them down during their office hours.  If it is a difficult class or a class where there is a lot of problem solving, I find a lot more straight forward and the professors to be more accessible when I take the class in person.&lt;/p&gt;
&lt;/div&gt;","false","false","false",,,,,"0",,"1658111013","1658111013","0",,"0","false","0","iglem9j","false",,"t3_w1nerh","false",,,,"t1_iglem9j","false",,"t3_w1nerh","/r/college/comments/w1nerh/online_vs_on_campus_classes/iglem9j/",,,,,,,"false",,"[deleted]","",,,,"dark",,,"false",,,,,"Omg I didn’t even realize that part of online classes, thank you😭","&lt;div class=""md""&gt;&lt;p&gt;Omg I didn’t even realize that part of online classes, thank you😭&lt;/p&gt;
&lt;/div&gt;","false","false","false",,,,,"0",,"1658111091","1658111091","1",,"0","false","0","iglerr0","false",,"t3_w1nerh","false",,,,"t1_iglerr0","true",,"t1_iglem9j","/r/college/comments/w1nerh/online_vs_on_campus_classes/iglerr0/",,"",,,,,,,,,,,,,,,,,,,,,,,,,,,,,,,,,,,,,,,,,,,,,,,,,,,,,,,,,,,,,,,,,,,,,,,,,,,,,,,,,,,,,"false","3","false","true","false","college","t5_2qh3z","r/college","public",,"0",,"3","t1",,"","","Listing",,"false","11","false","true","false","college","t5_2qh3z","r/college","public",,"0",,"11","https://www.reddit.com/r/college/comments/w1nerh/online_vs_on_campus_classes/iglem9j/"
,,"false",,"[deleted]","",,,,,,"dark",,,"false",,,,,"Omg I didn’t even realize that part of online classes, thank you😭","&lt;div class=""md""&gt;&lt;p&gt;Omg I didn’t even realize that part of online classes, thank you😭&lt;/p&gt;
&lt;/div&gt;","false","false","false",,,,,"0",,"1658111091","1658111091","1",,"0","false","0","iglerr0","false",,"t3_w1nerh","false",,,,"t1_iglerr0","true",,"t1_iglem9j","/r/college/comments/w1nerh/online_vs_on_campus_classes/iglerr0/",,"",,,,,,,,,,,,,,,,,,,,,,,,,,,,,,,,,,,,,,,,,,,,,,,,,,,,,,,,,,,,,,,,,,,,,,,,,,,,,,,,,,,,,,,,,,,,,,,,,,,,,,,,,,,,,,,,,,,,,,,,,,,,,,,,,,,,,,,,,,,,,,,,,,,,,,,,,,,,"false","3","false","true","false","college","t5_2qh3z","r/college","public",,"0",,"3","https://www.reddit.com/r/college/comments/w1nerh/online_vs_on_campus_classes/iglerr0/"
,,"false",,"daniandkiara",,,,,,,,"text","t2_6xqalcix","false","false","false",,,"I think this really depends on how you learn best and what environment you like personally. For me, I’m quite an introvert and have social anxiety so I prefer online classes. It’s also easier for me to feel organized and less stressed in online classes. For some people it’s the opposite. Really just comes down to what you feel would be best for you. 

I will also note that last fall quarter I had to go to campus twice a week, Tuesdays and Thursdays, and on one of those days I’d have classes for 4 hours straight. That was really exhausting. This past spring I only went to campus one day a week for 2 hours and it wasn’t as bad.","&lt;div class=""md""&gt;&lt;p&gt;I think this really depends on how you learn best and what environment you like personally. For me, I’m quite an introvert and have social anxiety so I prefer online classes. It’s also easier for me to feel organized and less stressed in online classes. For some people it’s the opposite. Really just comes down to what you feel would be best for you. &lt;/p&gt;

&lt;p&gt;I will also note that last fall quarter I had to go to campus twice a week, Tuesdays and Thursdays, and on one of those days I’d have classes for 4 hours straight. That was really exhausting. This past spring I only went to campus one day a week for 2 hours and it wasn’t as bad.&lt;/p&gt;
&lt;/div&gt;","false","false","false",,,,,"0",,"1658111956","1658111956","0",,"0","false","0","iglggix","false",,"t3_w1nerh","false",,,,"t1_iglggix","false",,"t3_w1nerh","/r/college/comments/w1nerh/online_vs_on_campus_classes/iglggix/",,,,,,,"false",,"[deleted]","",,,,"dark",,,"false",,,,,"Same for me. Social anxiety made it nearly impossible to learn anything when I took classes in person. It also didn't help my social anxiety at all. I learn much better online when I can relax and do my work from the bookstore, Panera, my apartment, etc.","&lt;div class=""md""&gt;&lt;p&gt;Same for me. Social anxiety made it nearly impossible to learn anything when I took classes in person. It also didn&amp;#39;t help my social anxiety at all. I learn much better online when I can relax and do my work from the bookstore, Panera, my apartment, etc.&lt;/p&gt;
&lt;/div&gt;","false","false","false",,,,,"0",,"1659883073","1659883073","1",,"0","false","0","ijbd0nt","false",,"t3_w1nerh","false",,,,"t1_ijbd0nt","true",,"t1_iglggix","/r/college/comments/w1nerh/online_vs_on_campus_classes/ijbd0nt/",,,,,,,"false",,"daniandkiara",,,,,,"text","t2_6xqalcix","false","false","false",,,"Glad to know I’m not alone haha :’) yeah, I really struggled returning back to campus last school year. I ended up doing online classes again. It was too hard for me.","&lt;div class=""md""&gt;&lt;p&gt;Glad to know I’m not alone haha :’) yeah, I really struggled returning back to campus last school year. I ended up doing online classes again. It was too hard for me.&lt;/p&gt;
&lt;/div&gt;","false","false","false",,,,,"0",,"1659891451","1659891451","2",,"0","false","0","ijbx0fs","false",,"t3_w1nerh","false",,,,"t1_ijbx0fs","true",,"t1_ijbd0nt","/r/college/comments/w1nerh/online_vs_on_campus_classes/ijbx0fs/",,,,,"0","3","_","t1__","t1_ijbx0fs","more",,"","","Listing",,"false","2","false","true","false","college","t5_2qh3z","r/college","public",,"0",,"2","t1",,"","","Listing",,"false","2","false","true","false","college","t5_2qh3z","r/college","public",,"0",,"2","t1",,"","","Listing",,"false","7","false","true","false","college","t5_2qh3z","r/college","public",,"0",,"7","https://www.reddit.com/r/college/comments/w1nerh/online_vs_on_campus_classes/iglggix/"
,,"false",,"[deleted]","",,,,,,"dark",,,"false",,,,,"Same for me. Social anxiety made it nearly impossible to learn anything when I took classes in person. It also didn't help my social anxiety at all. I learn much better online when I can relax and do my work from the bookstore, Panera, my apartment, etc.","&lt;div class=""md""&gt;&lt;p&gt;Same for me. Social anxiety made it nearly impossible to learn anything when I took classes in person. It also didn&amp;#39;t help my social anxiety at all. I learn much better online when I can relax and do my work from the bookstore, Panera, my apartment, etc.&lt;/p&gt;
&lt;/div&gt;","false","false","false",,,,,"0",,"1659883073","1659883073","1",,"0","false","0","ijbd0nt","false",,"t3_w1nerh","false",,,,"t1_ijbd0nt","true",,"t1_iglggix","/r/college/comments/w1nerh/online_vs_on_campus_classes/ijbd0nt/",,,,,,,"false",,"daniandkiara",,,,,,"text","t2_6xqalcix","false","false","false",,,"Glad to know I’m not alone haha :’) yeah, I really struggled returning back to campus last school year. I ended up doing online classes again. It was too hard for me.","&lt;div class=""md""&gt;&lt;p&gt;Glad to know I’m not alone haha :’) yeah, I really struggled returning back to campus last school year. I ended up doing online classes again. It was too hard for me.&lt;/p&gt;
&lt;/div&gt;","false","false","false",,,,,"0",,"1659891451","1659891451","2",,"0","false","0","ijbx0fs","false",,"t3_w1nerh","false",,,,"t1_ijbx0fs","true",,"t1_ijbd0nt","/r/college/comments/w1nerh/online_vs_on_campus_classes/ijbx0fs/",,,,,,,,,,,,,,,,,,,,,,,,,,,,,,,,"0",,,"3",,,,,"_",,,,,,,,"t1__",,,"t1_ijbx0fs",,,,,,,,,,,,,,,,,,,,,,,,,,,,,,"more",,"","","Listing",,"false","2","false","true","false","college","t5_2qh3z","r/college","public",,"0",,"2","t1",,"","","Listing",,"false","2","false","true","false","college","t5_2qh3z","r/college","public",,"0",,"2","https://www.reddit.com/r/college/comments/w1nerh/online_vs_on_campus_classes/ijbd0nt/"
,,"false",,"daniandkiara",,,,,,,,"text","t2_6xqalcix","false","false","false",,,"Glad to know I’m not alone haha :’) yeah, I really struggled returning back to campus last school year. I ended up doing online classes again. It was too hard for me.","&lt;div class=""md""&gt;&lt;p&gt;Glad to know I’m not alone haha :’) yeah, I really struggled returning back to campus last school year. I ended up doing online classes again. It was too hard for me.&lt;/p&gt;
&lt;/div&gt;","false","false","false",,,,,"0",,"1659891451","1659891451","2",,"0","false","0","ijbx0fs","false",,"t3_w1nerh","false",,,,"t1_ijbx0fs","true",,"t1_ijbd0nt","/r/college/comments/w1nerh/online_vs_on_campus_classes/ijbx0fs/",,,,,,,,,,,,,,,,,,,,,,,,,,,,,,,,"0",,,"3",,,,,"_",,,,,,,,"t1__",,,"t1_ijbx0fs",,,,,,,,,,,,,,,,,,,,,,,,,,,,,,,,,,,,,,,,,,,,,,,,,,,,,,,,,,,,,,,,,,,,,,,,,,,,,,,,,,,,,,,,,,,,,,,,,,,,,"more",,"","","Listing",,"false","2","false","true","false","college","t5_2qh3z","r/college","public",,"0",,"2","https://www.reddit.com/r/college/comments/w1nerh/online_vs_on_campus_classes/ijbx0fs/"
,,,,,,,,,,,,,,,,,,,,,,,,,,,,,"0",,,"3",,,,,"_",,,,,,,,"t1__",,,"t1_ijbx0fs",,,,,,,,,,,,,,,,,,,,,,,,,,,,,,,,,,,,,,,,,,,,,,,,,,,,,,,,,,,,,,,,,,,,,,,,,,,,,,,,,,,,,,,,,,,,,,,,,,,,,,,,,,,,,,,,,,,,,,,,,,,,,,,,,,,,,,,,,,,,,,,,,,,,,,,,,,,,,,,,,,,,,,,,,,,,"https://www.reddit.comundefined"
,,"false",,"daniandkiara",,,,,,,,"text","t2_6xqalcix","false","false","false",,,"Glad to know I’m not alone haha :’) yeah, I really struggled returning back to campus last school year. I ended up doing online classes again. It was too hard for me.","&lt;div class=""md""&gt;&lt;p&gt;Glad to know I’m not alone haha :’) yeah, I really struggled returning back to campus last school year. I ended up doing online classes again. It was too hard for me.&lt;/p&gt;
&lt;/div&gt;","false","false","false",,,,,"0",,"1659891451","1659891451","0",,"0","false","0","ijbx0fs","false",,"t3_w1nerh","false",,,,"t1_ijbx0fs","true",,"t1_ijbd0nt","/r/college/comments/w1nerh/online_vs_on_campus_classes/ijbx0fs/",,,,,,,"false",,"[deleted]","",,,,"dark",,,"false",,,,,"Yes same! I was so disappointed but at least now I know what works best for me. :)","&lt;div class=""md""&gt;&lt;p&gt;Yes same! I was so disappointed but at least now I know what works best for me. :)&lt;/p&gt;
&lt;/div&gt;","false","false","false",,,,,"0",,"1659892827","1659892827","1",,"0","false","0","ijc0dwt","false",,"t3_w1nerh","false",,,,"t1_ijc0dwt","true",,"t1_ijbx0fs","/r/college/comments/w1nerh/online_vs_on_campus_classes/ijc0dwt/",,"",,,,,,,,,,,,,,,,,,,,,,,,,,,,,,,,,,,,,,,,,,,,,,,,,,,,,,,,,,,,,,,,,,,,,,,,,,,,,,,,,,,,,"false","2","false","true","false","college","t5_2qh3z","r/college","public",,"0",,"2","t1",,"","","Listing",,"false","2","false","true","false","college","t5_2qh3z","r/college","public",,"0",,"2","https://www.reddit.com/r/college/comments/w1nerh/online_vs_on_campus_classes/ijbx0fs/"
,,"false",,"[deleted]","",,,,,,"dark",,,"false",,,,,"Yes same! I was so disappointed but at least now I know what works best for me. :)","&lt;div class=""md""&gt;&lt;p&gt;Yes same! I was so disappointed but at least now I know what works best for me. :)&lt;/p&gt;
&lt;/div&gt;","false","false","false",,,,,"0",,"1659892827","1659892827","1",,"0","false","0","ijc0dwt","false",,"t3_w1nerh","false",,,,"t1_ijc0dwt","true",,"t1_ijbx0fs","/r/college/comments/w1nerh/online_vs_on_campus_classes/ijc0dwt/",,"",,,,,,,,,,,,,,,,,,,,,,,,,,,,,,,,,,,,,,,,,,,,,,,,,,,,,,,,,,,,,,,,,,,,,,,,,,,,,,,,,,,,,,,,,,,,,,,,,,,,,,,,,,,,,,,,,,,,,,,,,,,,,,,,,,,,,,,,,,,,,,,,,,,,,,,,,,,,"false","2","false","true","false","college","t5_2qh3z","r/college","public",,"0",,"2","https://www.reddit.com/r/college/comments/w1nerh/online_vs_on_campus_classes/ijc0dwt/"
,,"false",,"pixelscandy",,,,,,,,"text","t2_5w4no68d","false","false","false",,,"It’s all personal preference.","&lt;div class=""md""&gt;&lt;p&gt;It’s all personal preference.&lt;/p&gt;
&lt;/div&gt;","false","false","false",,,,,"0",,"1658109267","1658109267","0",,"0","false","0","iglb3ms","false",,"t3_w1nerh","false",,,,"t1_iglb3ms","false",,"t3_w1nerh","/r/college/comments/w1nerh/online_vs_on_campus_classes/iglb3ms/",,,,,,,"false",,"[deleted]","",,,,"dark",,,"false",,,,,"Yeah I know but I’m trying to get other peoples perspectives.","&lt;div class=""md""&gt;&lt;p&gt;Yeah I know but I’m trying to get other peoples perspectives.&lt;/p&gt;
&lt;/div&gt;","false","false","false",,,,,"0",,"1658110466","1658110466","1",,"0","false","0","igldiur","false",,"t3_w1nerh","false",,,,"t1_igldiur","true",,"t1_iglb3ms","/r/college/comments/w1nerh/online_vs_on_campus_classes/igldiur/",,,,,,,"false",,"TheApoptosis",,,,,,"text","t2_7g09rdb1","false","false","false",,,"I commute about an hour to campus. I still prefer in person whenever possible.

Don't get me wrong, gas is a huge expense, but I cannot and will not focus online. I need to sit in the front of the class, with the professor staring at me, and calling me out everytime I mumble an answer to a question. This aids both my confidence and ADHD. This is my personal preference.","&lt;div class=""md""&gt;&lt;p&gt;I commute about an hour to campus. I still prefer in person whenever possible.&lt;/p&gt;

&lt;p&gt;Don&amp;#39;t get me wrong, gas is a huge expense, but I cannot and will not focus online. I need to sit in the front of the class, with the professor staring at me, and calling me out everytime I mumble an answer to a question. This aids both my confidence and ADHD. This is my personal preference.&lt;/p&gt;
&lt;/div&gt;","false","false","false",,,,,"0",,"1658112282","1658112282","2",,"0","false","0","iglh3qi","false",,"t3_w1nerh","false",,,,"t1_iglh3qi","false",,"t1_igldiur","/r/college/comments/w1nerh/online_vs_on_campus_classes/iglh3qi/",,"",,,,,,,,,,,,,,"false","6","false","true","false","college","t5_2qh3z","r/college","public",,"0",,"6","t1",,"","","Listing",,"false","2","false","true","false","college","t5_2qh3z","r/college","public",,"0",,"2","t1",,"","","Listing",,"false","6","false","true","false","college","t5_2qh3z","r/college","public",,"0",,"6","https://www.reddit.com/r/college/comments/w1nerh/online_vs_on_campus_classes/iglb3ms/"
,,"false",,"[deleted]","",,,,,,"dark",,,"false",,,,,"Yeah I know but I’m trying to get other peoples perspectives.","&lt;div class=""md""&gt;&lt;p&gt;Yeah I know but I’m trying to get other peoples perspectives.&lt;/p&gt;
&lt;/div&gt;","false","false","false",,,,,"0",,"1658110466","1658110466","1",,"0","false","0","igldiur","false",,"t3_w1nerh","false",,,,"t1_igldiur","true",,"t1_iglb3ms","/r/college/comments/w1nerh/online_vs_on_campus_classes/igldiur/",,,,,,,"false",,"TheApoptosis",,,,,,"text","t2_7g09rdb1","false","false","false",,,"I commute about an hour to campus. I still prefer in person whenever possible.

Don't get me wrong, gas is a huge expense, but I cannot and will not focus online. I need to sit in the front of the class, with the professor staring at me, and calling me out everytime I mumble an answer to a question. This aids both my confidence and ADHD. This is my personal preference.","&lt;div class=""md""&gt;&lt;p&gt;I commute about an hour to campus. I still prefer in person whenever possible.&lt;/p&gt;

&lt;p&gt;Don&amp;#39;t get me wrong, gas is a huge expense, but I cannot and will not focus online. I need to sit in the front of the class, with the professor staring at me, and calling me out everytime I mumble an answer to a question. This aids both my confidence and ADHD. This is my personal preference.&lt;/p&gt;
&lt;/div&gt;","false","false","false",,,,,"0",,"1658112282","1658112282","2",,"0","false","0","iglh3qi","false",,"t3_w1nerh","false",,,,"t1_iglh3qi","false",,"t1_igldiur","/r/college/comments/w1nerh/online_vs_on_campus_classes/iglh3qi/",,"",,,,,,,,,,,,,,,,,,,,,,,,,,,,,,,,,,,,,,,,,,,,,,,,,,,,,,,,,,,,,,,,,,,,,,,,,,,,,,,,,,,,,"false","6","false","true","false","college","t5_2qh3z","r/college","public",,"0",,"6","t1",,"","","Listing",,"false","2","false","true","false","college","t5_2qh3z","r/college","public",,"0",,"2","https://www.reddit.com/r/college/comments/w1nerh/online_vs_on_campus_classes/igldiur/"
,,"false",,"TheApoptosis",,,,,,,,"text","t2_7g09rdb1","false","false","false",,,"I commute about an hour to campus. I still prefer in person whenever possible.

Don't get me wrong, gas is a huge expense, but I cannot and will not focus online. I need to sit in the front of the class, with the professor staring at me, and calling me out everytime I mumble an answer to a question. This aids both my confidence and ADHD. This is my personal preference.","&lt;div class=""md""&gt;&lt;p&gt;I commute about an hour to campus. I still prefer in person whenever possible.&lt;/p&gt;

&lt;p&gt;Don&amp;#39;t get me wrong, gas is a huge expense, but I cannot and will not focus online. I need to sit in the front of the class, with the professor staring at me, and calling me out everytime I mumble an answer to a question. This aids both my confidence and ADHD. This is my personal preference.&lt;/p&gt;
&lt;/div&gt;","false","false","false",,,,,"0",,"1658112282","1658112282","2",,"0","false","0","iglh3qi","false",,"t3_w1nerh","false",,,,"t1_iglh3qi","false",,"t1_igldiur","/r/college/comments/w1nerh/online_vs_on_campus_classes/iglh3qi/",,"",,,,,,,,,,,,,,,,,,,,,,,,,,,,,,,,,,,,,,,,,,,,,,,,,,,,,,,,,,,,,,,,,,,,,,,,,,,,,,,,,,,,,,,,,,,,,,,,,,,,,,,,,,,,,,,,,,,,,,,,,,,,,,,,,,,,,,,,,,,,,,,,,,,,,,,,,,,,"false","6","false","true","false","college","t5_2qh3z","r/college","public",,"0",,"6","https://www.reddit.com/r/college/comments/w1nerh/online_vs_on_campus_classes/iglh3qi/"
,,"false",,"welchies",,,,,,,,"text","t2_iqmz8lb","false","false","false",,,"I prefer online courses. None of mine require to watch online lectures or do homework at a certain time (asynchronous) meaning I just read, do homework, and a few quizzes. (Business Administration major)","&lt;div class=""md""&gt;&lt;p&gt;I prefer online courses. None of mine require to watch online lectures or do homework at a certain time (asynchronous) meaning I just read, do homework, and a few quizzes. (Business Administration major)&lt;/p&gt;
&lt;/div&gt;","false","false","false",,,,,"0",,"1658272817","1658272817","0",,"0","false","0","igugvpy","false",,"t3_w1nerh","false",,,,"t1_igugvpy","false",,"t3_w1nerh","/r/college/comments/w1nerh/online_vs_on_campus_classes/igugvpy/",,,,,,,"false",,"Dedsec_Nation",,,,,,"text","t2_1sfklzva","false","false","false",,,"I know this is an old thread but I’m wondering of you do all of your classes online cause that’s what I’m thinking of doing?","&lt;div class=""md""&gt;&lt;p&gt;I know this is an old thread but I’m wondering of you do all of your classes online cause that’s what I’m thinking of doing?&lt;/p&gt;
&lt;/div&gt;","false","false","false",,,,,"0",,"1692750430","1692750430","1",,"0","false","0","jxcjprx","false",,"t3_w1nerh","false",,,,"t1_jxcjprx","true",,"t1_igugvpy","/r/college/comments/w1nerh/online_vs_on_campus_classes/jxcjprx/",,,,,,,"false",,"welchies",,,,,,"text","t2_iqmz8lb","false","false","false",,,"Yes! I completed an associates without ever stepping foot on campus. Currently a little over halfway done with a Bachelor’s of Science in Business Administration as a fully remote student. Feel free to PM me any questions!","&lt;div class=""md""&gt;&lt;p&gt;Yes! I completed an associates without ever stepping foot on campus. Currently a little over halfway done with a Bachelor’s of Science in Business Administration as a fully remote student. Feel free to PM me any questions!&lt;/p&gt;
&lt;/div&gt;","false","false","false",,,,,"0",,"1692754621","1692754621","2",,"0","false","0","jxctcdj","false",,"t3_w1nerh","false",,,,"t1_jxctcdj","true",,"t1_jxcjprx","/r/college/comments/w1nerh/online_vs_on_campus_classes/jxctcdj/",,"",,,,,,,,,,,,,,"false","2","false","true","false","college","t5_2qh3z","r/college","public",,"0",,"2","t1",,"","","Listing",,"false","3","false","true","false","college","t5_2qh3z","r/college","public",,"0",,"3","t1",,"","","Listing",,"false","5","false","true","false","college","t5_2qh3z","r/college","public",,"0",,"5","https://www.reddit.com/r/college/comments/w1nerh/online_vs_on_campus_classes/igugvpy/"
,,"false",,"Dedsec_Nation",,,,,,,,"text","t2_1sfklzva","false","false","false",,,"I know this is an old thread but I’m wondering of you do all of your classes online cause that’s what I’m thinking of doing?","&lt;div class=""md""&gt;&lt;p&gt;I know this is an old thread but I’m wondering of you do all of your classes online cause that’s what I’m thinking of doing?&lt;/p&gt;
&lt;/div&gt;","false","false","false",,,,,"0",,"1692750430","1692750430","1",,"0","false","0","jxcjprx","false",,"t3_w1nerh","false",,,,"t1_jxcjprx","true",,"t1_igugvpy","/r/college/comments/w1nerh/online_vs_on_campus_classes/jxcjprx/",,,,,,,"false",,"welchies",,,,,,"text","t2_iqmz8lb","false","false","false",,,"Yes! I completed an associates without ever stepping foot on campus. Currently a little over halfway done with a Bachelor’s of Science in Business Administration as a fully remote student. Feel free to PM me any questions!","&lt;div class=""md""&gt;&lt;p&gt;Yes! I completed an associates without ever stepping foot on campus. Currently a little over halfway done with a Bachelor’s of Science in Business Administration as a fully remote student. Feel free to PM me any questions!&lt;/p&gt;
&lt;/div&gt;","false","false","false",,,,,"0",,"1692754621","1692754621","2",,"0","false","0","jxctcdj","false",,"t3_w1nerh","false",,,,"t1_jxctcdj","true",,"t1_jxcjprx","/r/college/comments/w1nerh/online_vs_on_campus_classes/jxctcdj/",,"",,,,,,,,,,,,,,,,,,,,,,,,,,,,,,,,,,,,,,,,,,,,,,,,,,,,,,,,,,,,,,,,,,,,,,,,,,,,,,,,,,,,,"false","2","false","true","false","college","t5_2qh3z","r/college","public",,"0",,"2","t1",,"","","Listing",,"false","3","false","true","false","college","t5_2qh3z","r/college","public",,"0",,"3","https://www.reddit.com/r/college/comments/w1nerh/online_vs_on_campus_classes/jxcjprx/"
,,"false",,"welchies",,,,,,,,"text","t2_iqmz8lb","false","false","false",,,"Yes! I completed an associates without ever stepping foot on campus. Currently a little over halfway done with a Bachelor’s of Science in Business Administration as a fully remote student. Feel free to PM me any questions!","&lt;div class=""md""&gt;&lt;p&gt;Yes! I completed an associates without ever stepping foot on campus. Currently a little over halfway done with a Bachelor’s of Science in Business Administration as a fully remote student. Feel free to PM me any questions!&lt;/p&gt;
&lt;/div&gt;","false","false","false",,,,,"0",,"1692754621","1692754621","2",,"0","false","0","jxctcdj","false",,"t3_w1nerh","false",,,,"t1_jxctcdj","true",,"t1_jxcjprx","/r/college/comments/w1nerh/online_vs_on_campus_classes/jxctcdj/",,"",,,,,,,,,,,,,,,,,,,,,,,,,,,,,,,,,,,,,,,,,,,,,,,,,,,,,,,,,,,,,,,,,,,,,,,,,,,,,,,,,,,,,,,,,,,,,,,,,,,,,,,,,,,,,,,,,,,,,,,,,,,,,,,,,,,,,,,,,,,,,,,,,,,,,,,,,,,,"false","2","false","true","false","college","t5_2qh3z","r/college","public",,"0",,"2","https://www.reddit.com/r/college/comments/w1nerh/online_vs_on_campus_classes/jxctcdj/"
,,"false",,"_Jerkus",,,,,,,,"text","t2_i1adeauh","false","false","false",,,"An important consideration for online classes is whether they're synchronous or asynchronous. Synch is basically the same as face to face in terms of class structure, but done through Zoom. This is usually a pretty good substitute for F2F, and even has some advantages of the prof knows what they're doing. Asynchronous is with pre -recorded lectures, staggered assignments, etc. and is pretty much the worst of all possible mediums in terms of engagement","&lt;div class=""md""&gt;&lt;p&gt;An important consideration for online classes is whether they&amp;#39;re synchronous or asynchronous. Synch is basically the same as face to face in terms of class structure, but done through Zoom. This is usually a pretty good substitute for F2F, and even has some advantages of the prof knows what they&amp;#39;re doing. Asynchronous is with pre -recorded lectures, staggered assignments, etc. and is pretty much the worst of all possible mediums in terms of engagement&lt;/p&gt;
&lt;/div&gt;","false","false","false",,,,,"0",,"1658121752","1658121752","0",,"0","false","0","iglwqzi","false",,"t3_w1nerh","false",,,,"t1_iglwqzi","false",,"t3_w1nerh","/r/college/comments/w1nerh/online_vs_on_campus_classes/iglwqzi/",,,,,,,"false",,"[deleted]","",,,,"dark",,,"false",,,,,"Definitely, as someone who works nights and sleeps during the day synchronous online classes are worthless. If the teacher has great videos, asynchronous is the way to go, because it is like having an almost perfect version of a lecture, but some teachers are terrible at it.","&lt;div class=""md""&gt;&lt;p&gt;Definitely, as someone who works nights and sleeps during the day synchronous online classes are worthless. If the teacher has great videos, asynchronous is the way to go, because it is like having an almost perfect version of a lecture, but some teachers are terrible at it.&lt;/p&gt;
&lt;/div&gt;","false","false","false",,,,,"0",,"1658138308","1658138308","1",,"0","false","0","igmhlo5","false",,"t3_w1nerh","false",,,,"t1_igmhlo5","false",,"t1_iglwqzi","/r/college/comments/w1nerh/online_vs_on_campus_classes/igmhlo5/",,"",,,,,,,,,,,,,,,,,,,,,,,,,,,,,,,,,,,,,,,,,,,,,,,,,,,,,,,,,,,,,,,,,,,,,,,,,,,,,,,,,,,,,"false","3","false","true","false","college","t5_2qh3z","r/college","public",,"0",,"3","t1",,"","","Listing",,"false","5","false","true","false","college","t5_2qh3z","r/college","public",,"0",,"5","https://www.reddit.com/r/college/comments/w1nerh/online_vs_on_campus_classes/iglwqzi/"
,,"false",,"[deleted]","",,,,,,"dark",,,"false",,,,,"Definitely, as someone who works nights and sleeps during the day synchronous online classes are worthless. If the teacher has great videos, asynchronous is the way to go, because it is like having an almost perfect version of a lecture, but some teachers are terrible at it.","&lt;div class=""md""&gt;&lt;p&gt;Definitely, as someone who works nights and sleeps during the day synchronous online classes are worthless. If the teacher has great videos, asynchronous is the way to go, because it is like having an almost perfect version of a lecture, but some teachers are terrible at it.&lt;/p&gt;
&lt;/div&gt;","false","false","false",,,,,"0",,"1658138308","1658138308","1",,"0","false","0","igmhlo5","false",,"t3_w1nerh","false",,,,"t1_igmhlo5","false",,"t1_iglwqzi","/r/college/comments/w1nerh/online_vs_on_campus_classes/igmhlo5/",,"",,,,,,,,,,,,,,,,,,,,,,,,,,,,,,,,,,,,,,,,,,,,,,,,,,,,,,,,,,,,,,,,,,,,,,,,,,,,,,,,,,,,,,,,,,,,,,,,,,,,,,,,,,,,,,,,,,,,,,,,,,,,,,,,,,,,,,,,,,,,,,,,,,,,,,,,,,,,"false","3","false","true","false","college","t5_2qh3z","r/college","public",,"0",,"3","https://www.reddit.com/r/college/comments/w1nerh/online_vs_on_campus_classes/igmhlo5/"
,,"false",,"Allamaraine","",,,,,"","dark","text","t2_8hpodoc","false","false","false",,,"I'm a hybrid student &amp; I strongly prefer in person, I need the social interaction. It's easier to get help with in person too. The best thing about online courses is that mine are asynchronous, which allows me to work more hours.","&lt;div class=""md""&gt;&lt;p&gt;I&amp;#39;m a hybrid student &amp;amp; I strongly prefer in person, I need the social interaction. It&amp;#39;s easier to get help with in person too. The best thing about online courses is that mine are asynchronous, which allows me to work more hours.&lt;/p&gt;
&lt;/div&gt;","false","false","false",,,,,"0",,"1658157060","1658157060","0",,"0","false","0","ignfzwk","false",,"t3_w1nerh","false",,,,"t1_ignfzwk","false",,"t3_w1nerh","/r/college/comments/w1nerh/online_vs_on_campus_classes/ignfzwk/",,"",,,,,,,,,,,,,,,,,,,,,,,,,,,,,,,,,,,,,,,,,,,,,,,,,,,,,,,,,,,,,,,,,,,,,,,,,,,,,,,,,,,,,,,,,,,,,,,,,,,,,,,,,,,,,,,,,,,,,,,,,,,,,,,,,,,,,,,,,,,,,,,,,,,,,,,,,,,,"false","4","false","true","false","college","t5_2qh3z","r/college","public",,"0",,"4","https://www.reddit.com/r/college/comments/w1nerh/online_vs_on_campus_classes/ignfzwk/"
,,"false",,"[deleted]","",,,,,,"dark",,,"false",,,,,"It depends, some online classes are garbage and sometimes in-person classes are a waste of time because they could easily be done online. For me the hard sciences and labs are better in person and I feel like most of the humanities are better online. Especially, if the teacher has great videos. I have ADHD and get distracted easily in class, and I despise group learning. I can focus so much better in my office at home with comfortable clothes on, lighting, meditation tones playing, temperature to my liking. I can take notes at my own pace and can rewind the video if I need to hear something again and again and again.","&lt;div class=""md""&gt;&lt;p&gt;It depends, some online classes are garbage and sometimes in-person classes are a waste of time because they could easily be done online. For me the hard sciences and labs are better in person and I feel like most of the humanities are better online. Especially, if the teacher has great videos. I have ADHD and get distracted easily in class, and I despise group learning. I can focus so much better in my office at home with comfortable clothes on, lighting, meditation tones playing, temperature to my liking. I can take notes at my own pace and can rewind the video if I need to hear something again and again and again.&lt;/p&gt;
&lt;/div&gt;","false","false","false",,,,,"0",,"1658137993","1658137993","0",,"0","false","0","igmh812","false",,"t3_w1nerh","false",,,,"t1_igmh812","true",,"t3_w1nerh","/r/college/comments/w1nerh/online_vs_on_campus_classes/igmh812/",,"",,,,,,,,,,,,,,,,,,,,,,,,,,,,,,,,,,,,,,,,,,,,,,,,,,,,,,,,,,,,,,,,,,,,,,,,,,,,,,,,,,,,,,,,,,,,,,,,,,,,,,,,,,,,,,,,,,,,,,,,,,,,,,,,,,,,,,,,,,,,,,,,,,,,,,,,,,,,"false","3","false","true","false","college","t5_2qh3z","r/college","public",,"0",,"3","https://www.reddit.com/r/college/comments/w1nerh/online_vs_on_campus_classes/igmh812/"
,,"false",,"HowlSpice","transparent",,"text","Individualized Studies - Easier CS Degree","13c640fc-f5ff-11e2-ae8e-12313b0eb082","Individualized Studies - Easier CS Degree","dark","richtext","t2_i6fk6","false","false","false",,,"Depending on the situation and the person, I switch from in-person to completely online. I did that because I hate my university, and I am planning on working for the next 2 years to get money for my master's degree.","&lt;div class=""md""&gt;&lt;p&gt;Depending on the situation and the person, I switch from in-person to completely online. I did that because I hate my university, and I am planning on working for the next 2 years to get money for my master&amp;#39;s degree.&lt;/p&gt;
&lt;/div&gt;","false","false","false",,,,,"0",,"1658111382","1658111382","0",,"0","false","0","iglfcbo","false",,"t3_w1nerh","false",,,,"t1_iglfcbo","true",,"t3_w1nerh","/r/college/comments/w1nerh/online_vs_on_campus_classes/iglfcbo/",,,,,,,"false",,"HoesCOVIDGOIN19to20",,,,,,"text","t2_9b1a2n4s","false","false","false",,,"Lucky u got an online version. At my university education system, it is usually only reserved for Master's students","&lt;div class=""md""&gt;&lt;p&gt;Lucky u got an online version. At my university education system, it is usually only reserved for Master&amp;#39;s students&lt;/p&gt;
&lt;/div&gt;","false","false","false",,,,,"0",,"1658116170","1658116170","1",,"0","false","0","iglnzzz","false",,"t3_w1nerh","false",,,,"t1_iglnzzz","true",,"t1_iglfcbo","/r/college/comments/w1nerh/online_vs_on_campus_classes/iglnzzz/",,"",,,,,,,,,,,,,,,,,,,,,,,,,,,,,,,,,,,,,,,,,,,,,,,,,,,,,,,,,,,,,,,,,,,,,,,,,,,,,,,,,,,,,"false","1","false","true","false","college","t5_2qh3z","r/college","public",,"0",,"1","t1",,"","","Listing",,"false","2","false","true","false","college","t5_2qh3z","r/college","public",,"0",,"2","https://www.reddit.com/r/college/comments/w1nerh/online_vs_on_campus_classes/iglfcbo/"
,,"false",,"HoesCOVIDGOIN19to20",,,,,,,,"text","t2_9b1a2n4s","false","false","false",,,"Lucky u got an online version. At my university education system, it is usually only reserved for Master's students","&lt;div class=""md""&gt;&lt;p&gt;Lucky u got an online version. At my university education system, it is usually only reserved for Master&amp;#39;s students&lt;/p&gt;
&lt;/div&gt;","false","false","false",,,,,"0",,"1658116170","1658116170","1",,"0","false","0","iglnzzz","false",,"t3_w1nerh","false",,,,"t1_iglnzzz","true",,"t1_iglfcbo","/r/college/comments/w1nerh/online_vs_on_campus_classes/iglnzzz/",,"",,,,,,,,,,,,,,,,,,,,,,,,,,,,,,,,,,,,,,,,,,,,,,,,,,,,,,,,,,,,,,,,,,,,,,,,,,,,,,,,,,,,,,,,,,,,,,,,,,,,,,,,,,,,,,,,,,,,,,,,,,,,,,,,,,,,,,,,,,,,,,,,,,,,,,,,,,,,"false","1","false","true","false","college","t5_2qh3z","r/college","public",,"0",,"1","https://www.reddit.com/r/college/comments/w1nerh/online_vs_on_campus_classes/iglnzzz/"
,,"false",,"individual-person","transparent",,"text","CC —&gt; Public Uni (USA), B.S. Psych (in-progress)","13c640fc-f5ff-11e2-ae8e-12313b0eb082","CC —&gt; Public Uni (USA), B.S. Psych (in-progress)","dark","richtext","t2_62i5e8rv","false","false","false",,,"IMO the best route, if possible, is taking mostly on-campus classes but taking one or two easy/non-major online classes to make it to where you’re not in classes all day everyday and getting burnt out. But being fully online gets boring and draining after one or two semesters.","&lt;div class=""md""&gt;&lt;p&gt;IMO the best route, if possible, is taking mostly on-campus classes but taking one or two easy/non-major online classes to make it to where you’re not in classes all day everyday and getting burnt out. But being fully online gets boring and draining after one or two semesters.&lt;/p&gt;
&lt;/div&gt;","false","false","false",,,,,"0",,"1658121849","1658121849","0",,"0","false","0","iglww48","false",,"t3_w1nerh","false",,,,"t1_iglww48","true",,"t3_w1nerh","/r/college/comments/w1nerh/online_vs_on_campus_classes/iglww48/",,"",,,,,,,,,,,,,,,,,,,,,,,,,,,,,,,,,,,,,,,,,,,,,,,,,,,,,,,,,,,,,,,,,,,,,,,,,,,,,,,,,,,,,,,,,,,,,,,,,,,,,,,,,,,,,,,,,,,,,,,,,,,,,,,,,,,,,,,,,,,,,,,,,,,,,,,,,,,,"false","2","false","true","false","college","t5_2qh3z","r/college","public",,"0",,"2","https://www.reddit.com/r/college/comments/w1nerh/online_vs_on_campus_classes/iglww48/"
,,"false",,"SuperbShower341",,,,,,,,"text","t2_80tnjth5","false","false","false",,,"I would 100% suggest in-person classes. Although they might be a pain, you'll actually learn more. With online, you can basically do whatever, but if you have in-person classes, you'll have the chance to meet your classmates, connect more with your professor, and overall I think have a better experience. 

As someone who took online classes due to covid--although I passed--i didn't feel like I was learning anything. Which is proven by the fact that everything I learned, I already forgot LMAO","&lt;div class=""md""&gt;&lt;p&gt;I would 100% suggest in-person classes. Although they might be a pain, you&amp;#39;ll actually learn more. With online, you can basically do whatever, but if you have in-person classes, you&amp;#39;ll have the chance to meet your classmates, connect more with your professor, and overall I think have a better experience. &lt;/p&gt;

&lt;p&gt;As someone who took online classes due to covid--although I passed--i didn&amp;#39;t feel like I was learning anything. Which is proven by the fact that everything I learned, I already forgot LMAO&lt;/p&gt;
&lt;/div&gt;","false","false","false",,,,,"0",,"1658155298","1658155298","0",,"0","false","0","ignbplp","false",,"t3_w1nerh","false",,,,"t1_ignbplp","true",,"t3_w1nerh","/r/college/comments/w1nerh/online_vs_on_campus_classes/ignbplp/",,"",,,,,,,,,,,,,,,,,,,,,,,,,,,,,,,,,,,,,,,,,,,,,,,,,,,,,,,,,,,,,,,,,,,,,,,,,,,,,,,,,,,,,,,,,,,,,,,,,,,,,,,,,,,,,,,,,,,,,,,,,,,,,,,,,,,,,,,,,,,,,,,,,,,,,,,,,,,,"false","2","false","true","false","college","t5_2qh3z","r/college","public",,"0",,"2","https://www.reddit.com/r/college/comments/w1nerh/online_vs_on_campus_classes/ignbplp/"
,,"false",,"natty_bumppo3000",,,,,,,,"text","t2_9pplf6n5","false","false","false",,,"In-person learning is optimal in most situations. Distance learning done correctly will suffice, especially if direct socialization isn’t necessary for your chosen field. As long as that setting can hold your attention, you get out of it what you put in. Also, going through life avoiding human interaction is unhealthy. The real world is a difficult place, some things you can’t understand just by watching/reading about it. Good luck!","&lt;div class=""md""&gt;&lt;p&gt;In-person learning is optimal in most situations. Distance learning done correctly will suffice, especially if direct socialization isn’t necessary for your chosen field. As long as that setting can hold your attention, you get out of it what you put in. Also, going through life avoiding human interaction is unhealthy. The real world is a difficult place, some things you can’t understand just by watching/reading about it. Good luck!&lt;/p&gt;
&lt;/div&gt;","false","false","false",,,,,"0",,"1658117243","1658117243","0",,"0","false","0","iglpq8i","false",,"t3_w1nerh","false",,,,"t1_iglpq8i","true",,"t3_w1nerh","/r/college/comments/w1nerh/online_vs_on_campus_classes/iglpq8i/",,"",,,,,,,,,,,,,,,,,,,,,,,,,,,,,,,,,,,,,,,,,,,,,,,,,,,,,,,,,,,,,,,,,,,,,,,,,,,,,,,,,,,,,,,,,,,,,,,,,,,,,,,,,,,,,,,,,,,,,,,,,,,,,,,,,,,,,,,,,,,,,,,,,,,,,,,,,,,,"false","2","false","true","false","college","t5_2qh3z","r/college","public",,"0",,"2","https://www.reddit.com/r/college/comments/w1nerh/online_vs_on_campus_classes/iglpq8i/"
,,"false",,"Flashy_Researcher_59",,,,,,,,"text","t2_7qo29cph","false","false","false",,,"There’s no question: in person is better in every way.","&lt;div class=""md""&gt;&lt;p&gt;There’s no question: in person is better in every way.&lt;/p&gt;
&lt;/div&gt;","false","false","false",,,,,"0",,"1658144594","1658144594","0",,"0","false","0","igmq78n","false",,"t3_w1nerh","false",,,,"t1_igmq78n","true",,"t3_w1nerh","/r/college/comments/w1nerh/online_vs_on_campus_classes/igmq78n/",,"",,,,,,,,,,,,,,,,,,,,,,,,,,,,,,,,,,,,,,,,,,,,,,,,,,,,,,,,,,,,,,,,,,,,,,,,,,,,,,,,,,,,,,,,,,,,,,,,,,,,,,,,,,,,,,,,,,,,,,,,,,,,,,,,,,,,,,,,,,,,,,,,,,,,,,,,,,,,"false","1","false","true","false","college","t5_2qh3z","r/college","public",,"0",,"1","https://www.reddit.com/r/college/comments/w1nerh/online_vs_on_campus_classes/igmq78n/"
,,"false",,"GalaxyShadowX",,,,,,,,"text","t2_4bxn339r","false","false","false",,,"Online","&lt;div class=""md""&gt;&lt;p&gt;Online&lt;/p&gt;
&lt;/div&gt;","false","false","false",,,,,"0",,"1697755437","1697755437","0",,"0","false","0","k5m1da7","false",,"t3_w1nerh","false",,,,"t1_k5m1da7","true",,"t3_w1nerh","/r/college/comments/w1nerh/online_vs_on_campus_classes/k5m1da7/",,"",,,,,,,,,,,,,,,,,,,,,,,,,,,,,,,,,,,,,,,,,,,,,,,,,,,,,,,,,,,,,,,,,,,,,,,,,,,,,,,,,,,,,,,,,,,,,,,,,,,,,,,,,,,,,,,,,,,,,,,,,,,,,,,,,,,,,,,,,,,,,,,,,,,,,,,,,,,,"false","1","false","true","false","college","t5_2qh3z","r/college","public",,"0",,"1","https://www.reddit.com/r/college/comments/w1nerh/online_vs_on_campus_classes/k5m1da7/"
,,"false",,"Leobriggs1802",,,,,,,,"text","t2_tx8drk75","false","false","false",,,"It’s really all down to personal preference. In my experience I’ve been doing online courses for roughly 3 years now and the one thing that happened with the vast majority of my courses was I lost my drive and motivation nearer the end. For example I start my spring semester on Feb 15th and by early May I’m half assing a lot of my assignments but still finishing with a good grade nonetheless. I’ve done exactly 2 courses in person and finished with an A in both and actually met my first girlfriend in one of them lol. All in all do what you prefer!","&lt;div class=""md""&gt;&lt;p&gt;It’s really all down to personal preference. In my experience I’ve been doing online courses for roughly 3 years now and the one thing that happened with the vast majority of my courses was I lost my drive and motivation nearer the end. For example I start my spring semester on Feb 15th and by early May I’m half assing a lot of my assignments but still finishing with a good grade nonetheless. I’ve done exactly 2 courses in person and finished with an A in both and actually met my first girlfriend in one of them lol. All in all do what you prefer!&lt;/p&gt;
&lt;/div&gt;","false","false","false",,,,,"0",,"1699408248","1699408248","0",,"0","false","0","k8atxxd","false",,"t3_w1nerh","false",,,,"t1_k8atxxd","true",,"t3_w1nerh","/r/college/comments/w1nerh/online_vs_on_campus_classes/k8atxxd/",,"",,,,,,,,,,,,,,,,,,,,,,,,,,,,,,,,,,,,,,,,,,,,,,,,,,,,,,,,,,,,,,,,,,,,,,,,,,,,,,,,,,,,,,,,,,,,,,,,,,,,,,,,,,,,,,,,,,,,,,,,,,,,,,,,,,,,,,,,,,,,,,,,,,,,,,,,,,,,"false","1","false","true","false","college","t5_2qh3z","r/college","public",,"0",,"1","https://www.reddit.com/r/college/comments/w1nerh/online_vs_on_campus_classes/k8atxxd/"
,,"false",,"AnimatorPerfect6709",,,,,,,,"text","t2_9cb8sh68","false","false","false",,,"Get someone to Take My TEAS Exam for me! Sometimes you don't have time and can do with some exam help. I've found this [site](https://www.naxlex.com/take-my-teas-exam-for-me)that seems nice.","&lt;div class=""md""&gt;&lt;p&gt;Get someone to Take My TEAS Exam for me! Sometimes you don&amp;#39;t have time and can do with some exam help. I&amp;#39;ve found this &lt;a href=""https://www.naxlex.com/take-my-teas-exam-for-me""&gt;site&lt;/a&gt;that seems nice.&lt;/p&gt;
&lt;/div&gt;","false","false","false",,,,,"0",,"1701184385","1701184385","0",,"0","false","0","kb4hgl7","false",,"t3_w1nerh","false",,,,"t1_kb4hgl7","true",,"t3_w1nerh","/r/college/comments/w1nerh/online_vs_on_campus_classes/kb4hgl7/",,"",,,,,,,,,,,,,,,,,,,,,,,,,,,,,,,,,,,,,,,,,,,,,,,,,,,,,,,,,,,,,,,,,,,,,,,,,,,,,,,,,,,,,,,,,,,,,,,,,,,,,,,,,,,,,,,,,,,,,,,,,,,,,,,,,,,,,,,,,,,,,,,,,,,,,,,,,,,,"false","1","false","true","false","college","t5_2qh3z","r/college","public",,"0",,"1","https://www.reddit.com/r/college/comments/w1nerh/online_vs_on_campus_classes/kb4hgl7/"
